{
  "validation": {
    "n_samples": 660,
    "rmse": 0.08803463105634397,
    "mae": 0.06565842032432556,
    "r2": 0.1669403314590454,
    "f1": 0.6404293381037567,
    "precision_top_decile": 0.7878787878787878,
    "base_rate": 0.4348484848484849,
    "auc_roc": 0.7377511653324117
  },
  "test": {
    "n_samples": 1320,
    "rmse": 0.08891401000591566,
    "mae": 0.0694701224565506,
    "r2": 0.15687811374664307,
    "f1": 0.6097794822627037,
    "precision_top_decile": 0.8181818181818182,
    "base_rate": 0.4484848484848485,
    "auc_roc": 0.7278641966141967
  }
}